,monocle,scanpy,scvi-tools,seurat,COTAN,antibody
0,0.065677956,0.004846048,0.03220855,0.029200707,0.06900103,0.036033183
