,monocle,scanpy,scvi-tools,seurat,COTAN,celltypist
0,-0.038476232,-0.033369664,-0.05240361,-0.02951464,0.009647889,0.021518167
