,monocle,scanpy,scvi-tools,seurat,COTAN
0,0.16091783,-0.04475588,-0.00039926116,0.025715325,0.0082018
