,NMI,ARI,homogeneity,completeness,fowlkes_mallows
monocle,0.6381523376878224,0.2926946715283854,0.7448385463722813,0.5581992264403381,0.4135105858250867
scanpy,0.7207386051133902,0.4127776988272061,0.8168943809362295,0.6448356777362731,0.5234727056620183
scvi-tools,0.6951841510739654,0.33469867184366153,0.815077921164196,0.606038939984838,0.4546445079074949
seurat,0.7129717901424601,0.3771896188936569,0.8409817844192886,0.618783669270592,0.49794765515869854
COTAN,0.7437785959212573,0.5375486753437172,0.7937230705859206,0.6997474708065954,0.6201910452394722
