,monocle,scanpy,scvi-tools,seurat,COTAN,antibody
0,-0.091059685,-0.06917973,-0.03286103,-0.04490993,-0.04630473,-0.05063769
