,monocle,scanpy,scvi-tools,seurat,COTAN,celltypist
0,-0.08303674,-0.044165518,-0.07192297,-0.071958,-0.06889238,-0.10236256
