,monocle,scanpy,scvi-tools,seurat,COTAN
0,0.1719869,-0.06308187,-0.10958869,-0.07191047,-0.10192869
