,NMI,ARI,homogeneity,completeness,fowlkes_mallows
monocle,0.42974404348520406,0.1682761942757736,0.28082285336152363,0.9149387926141745,0.43751128041084103
scanpy,0.6645667292305784,0.5426299924224842,0.7024155782437735,0.6305882144354731,0.5966467630317565
scvi-tools,0.6913912618154473,0.6203387668679381,0.6779296699448231,0.7053982958575492,0.6625799614942641
seurat,0.7352168226465249,0.6641875601938235,0.7443238000261215,0.7263300036132015,0.7013745408952473
COTAN,0.6573213810006089,0.476340153735957,0.7800307161669698,0.5679717730663133,0.5500133594792166
