,NMI,ARI,homogeneity,completeness,fowlkes_mallows
monocle,0.6333334942682274,0.5033520759298253,0.6093726408380957,0.6592557789829675,0.5675862820446446
scanpy,0.737438636625372,0.6950081680548432,0.7364118361496467,0.7384683044948184,0.7323790412896989
scvi-tools,0.7122861692229772,0.6383103780239014,0.6923937284552685,0.7333554380709931,0.6841193112143208
seurat,0.7603672090404776,0.6951310107014449,0.769538824769245,0.751411639047587,0.7329278491616603
COTAN,0.7104834430364425,0.6216425355575675,0.6742403293846311,0.7508443279097767,0.6820582607211969
