,NMI,ARI,homogeneity,completeness,fowlkes_mallows
monocle,0.5840456834764258,0.3172387673011041,0.6464074846568492,0.5326578178888026,0.41475867285627066
scanpy,0.7076055828610857,0.49922110041883605,0.7680905123168204,0.6559512957508177,0.5810009178321471
scvi-tools,0.7345415654024678,0.5324721205273611,0.7819019015247075,0.6925908604819966,0.6064520198767395
seurat,0.7546189651799474,0.5254131430121277,0.8201576756999314,0.6987795661699816,0.6038003752736861
COTAN,0.6801674973703091,0.4717329242491429,0.6915551227097706,0.6691488295632548,0.5539973637303504
