,monocle,scanpy,scvi-tools,seurat,COTAN,antibody
0,-0.0566494,-0.012237016,-0.06568304,-0.02690738,0.0054686563,-0.040593255
