,monocle,scanpy,scvi-tools,seurat,COTAN,celltypist
0,-0.09333327,-0.06782558,-0.09951364,-0.047197726,-0.009818862,-0.05545312
