,monocle,scanpy,scvi-tools,seurat,COTAN
0,0.27049804,-0.057829604,-0.09229005,-0.037009127,-0.061658572
