,NMI,ARI,homogeneity,completeness,fowlkes_mallows
monocle,0.5851752490259741,0.4439331982741792,0.5990911273621236,0.5718911796840658,0.5310504024088888
scanpy,0.7395588184719853,0.6367635419148089,0.7424135119894313,0.7367259943299358,0.6956098821536221
scvi-tools,0.6663154924534124,0.5629660587287144,0.6948321155251853,0.6400472946515717,0.632909467943123
seurat,0.7639841477897249,0.7646137194704324,0.7739857439949783,0.7542377391915249,0.8035751100191442
COTAN,0.7215909830747005,0.6379924459724504,0.6872048862702111,0.7595995358272344,0.7103479713575074
