,monocle,scanpy,scvi-tools,seurat,COTAN,antibody
0,-0.0028370947,0.007779507,0.017053336,-0.0044025904,0.03914486,-0.06818579
