,monocle,scanpy,scvi-tools,seurat,COTAN,celltypist
0,-0.029193616,-0.03535677,-0.029357407,0.0007275886,0.018703338,-0.033270087
