,monocle,scanpy,scvi-tools,seurat,COTAN
0,0.1492191,-0.07989588,-0.032630764,0.0005546833,-0.042884007
