,NMI,ARI,homogeneity,completeness,fowlkes_mallows
monocle,0.5368608242041103,0.3250290498446817,0.3725152297120177,0.9607012715398909,0.5328097238230192
scanpy,0.6229447537327302,0.3716546019297035,0.659142735037278,0.5905155546085724,0.4395754567685135
scvi-tools,0.6515500668571745,0.4253693795347398,0.6341069214721131,0.6699800168275647,0.4877665700710348
seurat,0.6692743689798347,0.4367056096843834,0.676741190224038,0.6619705198685453,0.4964022909607082
COTAN,0.6209689312496958,0.35484613099791085,0.6718671496852474,0.5772393701798085,0.42169457034017316
